{
  "Average": 0.000859106529209622,
  "AR": 0.0,
  "CP": 0.0,
  "FP-C": 0.0,
  "FP-S": 0.0034129692832764505,
  "LR": 0.0,
  "RR": 0.0
}