{
  "Average": 0.010309278350515464,
  "AR": 0.02512562814070352,
  "CP": 0.0,
  "FP-C": 0.006993006993006993,
  "FP-S": 0.020477815699658702,
  "LR": 0.0,
  "RR": 0.0
}