{
  "Average": 0.030927835051546393,
  "AR": 0.035175879396984924,
  "CP": 0.013513513513513514,
  "FP-C": 0.055944055944055944,
  "FP-S": 0.03754266211604096,
  "LR": 0.01694915254237288,
  "RR": 0.034782608695652174
}