{
  "Average": 0.6881443298969072,
  "AR": 0.7135678391959799,
  "CP": 0.8175675675675675,
  "FP-C": 0.6363636363636364,
  "FP-S": 0.6723549488054608,
  "LR": 0.4322033898305085,
  "RR": 0.6782608695652174
}