{
  "Average": 0.005154639175257732,
  "AR": 0.010050251256281407,
  "CP": 0.0,
  "FP-C": 0.013986013986013986,
  "FP-S": 0.0034129692832764505,
  "LR": 0.0,
  "RR": 0.008695652173913044
}